,Region,Codigo region,Comuna,Codigo comuna,Poblacion,2020-03-30,2020-04-01,2020-04-03,2020-04-06,2020-04-08,2020-04-10,2020-04-13,2020-04-15,2020-04-17,2020-04-20,2020-04-24,Tasa
0,Arica y Parinacota,15.0,Arica,15101.0,247552.0,6.0,6.0,12.0,41.0,63.0,87.0,115.0,124.0,134.0,166.0,224.0,90.5
1,Arica y Parinacota,15.0,Camarones,15102.0,1233.0,0.0,0.0,0.0,0.0,0.0,0.0,0.0,0.0,0.0,0.0,0.0,0.0
2,Arica y Parinacota,15.0,General Lagos,15202.0,810.0,0.0,0.0,0.0,0.0,0.0,0.0,0.0,0.0,0.0,0.0,0.0,0.0
3,Arica y Parinacota,15.0,Putre,15201.0,2515.0,0.0,0.0,0.0,0.0,0.0,0.0,0.0,0.0,0.0,0.0,0.0,0.0
4,Arica y Parinacota,15.0,Total,,252110.0,6.0,6.0,12.0,41.0,63.0,87.0,115.0,124.0,134.0,166.0,224.0,88.9
5,,,,,,,,,,,,,,,,,
6,Tarapaca,1.0,Alto Hospicio,1107.0,129999.0,0.0,0.0,0.0,5.0,6.0,10.0,14.0,15.0,16.0,27.0,39.0,30.0
7,Tarapaca,1.0,Camina,1402.0,1375.0,0.0,0.0,0.0,0.0,0.0,0.0,0.0,0.0,0.0,0.0,0.0,0.0
8,Tarapaca,1.0,Colchane,1403.0,1583.0,0.0,0.0,0.0,0.0,0.0,0.0,0.0,0.0,0.0,0.0,0.0,0.0
9,Tarapaca,1.0,Huara,1404.0,3000.0,0.0,0.0,0.0,0.0,0.0,0.0,0.0,0.0,0.0,0.0,0.0,0.0
10,Tarapaca,1.0,Iquique,1101.0,223463.0,5.0,9.0,10.0,13.0,16.0,18.0,26.0,26.0,31.0,36.0,58.0,26.0
11,Tarapaca,1.0,Pica,1405.0,5958.0,0.0,0.0,0.0,0.0,0.0,5.0,10.0,19.0,24.0,28.0,31.0,520.3
12,Tarapaca,1.0,Pozo Almonte,1401.0,17395.0,0.0,0.0,0.0,0.0,0.0,0.0,2.0,2.0,2.0,2.0,2.0,11.5
13,Tarapaca,1.0,Total,,382773.0,5.0,10.0,13.0,21.0,26.0,35.0,52.0,62.0,73.0,93.0,130.0,34.0
14,,,,,,,,,,,,,,,,,
15,Antofagasta,2.0,Antofagasta,2101.0,425725.0,29.0,32.0,44.0,54.0,60.0,82.0,106.0,122.0,145.0,184.0,261.0,61.3
16,Antofagasta,2.0,Calama,2201.0,190336.0,0.0,0.0,5.0,7.0,8.0,13.0,20.0,21.0,21.0,25.0,35.0,18.4
17,Antofagasta,2.0,Maria Elena,2302.0,6814.0,0.0,0.0,0.0,0.0,0.0,0.0,1.0,2.0,4.0,6.0,7.0,102.7
18,Antofagasta,2.0,Mejillones,2102.0,14776.0,0.0,0.0,0.0,0.0,0.0,6.0,12.0,14.0,19.0,27.0,43.0,291.0
19,Antofagasta,2.0,Ollague,2202.0,287.0,0.0,0.0,0.0,0.0,0.0,0.0,0.0,0.0,0.0,0.0,0.0,0.0
20,Antofagasta,2.0,San Pedro de Atacama,2203.0,10434.0,0.0,0.0,0.0,4.0,4.0,4.0,4.0,4.0,4.0,4.0,4.0,38.3
21,Antofagasta,2.0,Sierra Gorda,2103.0,1746.0,0.0,0.0,0.0,0.0,0.0,0.0,0.0,0.0,0.0,0.0,0.0,0.0
22,Antofagasta,2.0,Taltal,2104.0,13657.0,0.0,0.0,0.0,0.0,0.0,0.0,3.0,7.0,7.0,7.0,7.0,51.3
23,Antofagasta,2.0,Tocopilla,2301.0,28079.0,0.0,0.0,0.0,0.0,0.0,0.0,3.0,6.0,11.0,11.0,11.0,39.2
24,Antofagasta,2.0,Total,,691854.0,35.0,39.0,54.0,68.0,77.0,110.0,149.0,176.0,211.0,264.0,368.0,53.2
25,,,,,,,,,,,,,,,,,
26,Atacama,3.0,Alto del Carmen,3302.0,5729.0,0.0,0.0,0.0,0.0,0.0,0.0,0.0,0.0,0.0,0.0,0.0,0.0
27,Atacama,3.0,Caldera,3102.0,19426.0,0.0,0.0,0.0,0.0,0.0,0.0,0.0,0.0,0.0,0.0,0.0,0.0
28,Atacama,3.0,Chanaral,3201.0,13164.0,0.0,0.0,0.0,0.0,0.0,0.0,0.0,0.0,0.0,0.0,0.0,0.0
29,Atacama,3.0,Copiapo,3101.0,171766.0,0.0,0.0,4.0,4.0,5.0,8.0,8.0,8.0,8.0,8.0,8.0,4.7
30,Atacama,3.0,Diego de Almagro,3202.0,14358.0,0.0,0.0,0.0,0.0,0.0,0.0,1.0,1.0,1.0,1.0,1.0,7.0
31,Atacama,3.0,Freirina,3303.0,7681.0,0.0,0.0,0.0,0.0,0.0,0.0,0.0,0.0,0.0,0.0,0.0,0.0
32,Atacama,3.0,Huasco,3304.0,11264.0,0.0,0.0,0.0,0.0,0.0,0.0,0.0,0.0,0.0,1.0,0.0,0.0
33,Atacama,3.0,Tierra Amarilla,3103.0,14312.0,0.0,0.0,0.0,0.0,0.0,4.0,4.0,4.0,4.0,4.0,5.0,34.9
34,Atacama,3.0,Vallenar,3301.0,57009.0,0.0,0.0,0.0,0.0,0.0,0.0,0.0,0.0,0.0,0.0,7.0,12.3
35,Atacama,3.0,Total,,314709.0,2.0,3.0,5.0,5.0,8.0,13.0,13.0,13.0,13.0,14.0,21.0,6.7
36,,,,,,,,,,,,,,,,,
37,Coquimbo,4.0,Andacollo,4103.0,11791.0,0.0,0.0,0.0,0.0,0.0,0.0,0.0,0.0,0.0,0.0,0.0,0.0
38,Coquimbo,4.0,Canela,4202.0,9546.0,0.0,0.0,0.0,0.0,0.0,0.0,0.0,0.0,0.0,0.0,0.0,0.0
39,Coquimbo,4.0,Combarbala,4302.0,13884.0,0.0,0.0,0.0,0.0,0.0,0.0,0.0,0.0,0.0,0.0,0.0,0.0
40,Coquimbo,4.0,Coquimbo,4102.0,256735.0,17.0,19.0,19.0,19.0,19.0,21.0,21.0,19.0,20.0,23.0,24.0,9.3
41,Coquimbo,4.0,Illapel,4201.0,32801.0,0.0,0.0,0.0,7.0,12.0,13.0,17.0,19.0,19.0,18.0,18.0,54.9
42,Coquimbo,4.0,La Higuera,4104.0,4450.0,0.0,0.0,0.0,0.0,0.0,0.0,0.0,0.0,0.0,0.0,0.0,0.0
43,Coquimbo,4.0,La Serena,4101.0,249656.0,0.0,0.0,8.0,12.0,12.0,12.0,12.0,12.0,12.0,16.0,18.0,7.2
44,Coquimbo,4.0,Los Vilos,4203.0,23374.0,0.0,0.0,0.0,0.0,0.0,0.0,1.0,1.0,1.0,1.0,1.0,4.3
45,Coquimbo,4.0,Monte Patria,4303.0,32527.0,0.0,0.0,0.0,0.0,0.0,0.0,0.0,0.0,0.0,0.0,0.0,0.0
46,Coquimbo,4.0,Ovalle,4301.0,121269.0,4.0,4.0,4.0,7.0,7.0,8.0,8.0,8.0,8.0,9.0,9.0,7.4
47,Coquimbo,4.0,Paiguano,4105.0,4675.0,0.0,0.0,0.0,0.0,0.0,0.0,0.0,0.0,0.0,0.0,0.0,0.0
48,Coquimbo,4.0,Punitaqui,4304.0,12165.0,0.0,0.0,0.0,0.0,0.0,0.0,0.0,0.0,0.0,0.0,1.0,8.2
49,Coquimbo,4.0,Rio Hurtado,4305.0,4372.0,0.0,0.0,0.0,0.0,0.0,0.0,1.0,1.0,1.0,1.0,1.0,22.9
50,Coquimbo,4.0,Salamanca,4204.0,29110.0,0.0,0.0,0.0,4.0,4.0,5.0,6.0,6.0,7.0,7.0,7.0,24.0
51,Coquimbo,4.0,Vicuna,4106.0,29741.0,0.0,0.0,0.0,0.0,0.0,0.0,0.0,0.0,0.0,0.0,0.0,0.0
52,Coquimbo,4.0,Total,,836096.0,27.0,30.0,35.0,51.0,56.0,61.0,66.0,66.0,68.0,75.0,79.0,9.4
53,,,,,,,,,,,,,,,,,
54,Valparaiso,5.0,Algarrobo,5602.0,15174.0,7.0,7.0,9.0,9.0,8.0,8.0,8.0,9.0,9.0,9.0,9.0,59.3
55,Valparaiso,5.0,Cabildo,5402.0,20663.0,0.0,0.0,0.0,0.0,0.0,0.0,0.0,0.0,0.0,1.0,0.0,0.0
56,Valparaiso,5.0,Calera,5502.0,53591.0,6.0,6.0,7.0,7.0,9.0,9.0,9.0,11.0,13.0,16.0,22.0,41.1
57,Valparaiso,5.0,Calle Larga,5302.0,16482.0,0.0,0.0,0.0,0.0,0.0,0.0,2.0,2.0,4.0,5.0,6.0,36.4
58,Valparaiso,5.0,Cartagena,5603.0,25357.0,0.0,0.0,0.0,0.0,0.0,0.0,2.0,2.0,2.0,2.0,6.0,23.7
59,Valparaiso,5.0,Casablanca,5102.0,29170.0,0.0,0.0,0.0,0.0,0.0,0.0,3.0,3.0,3.0,3.0,3.0,10.3
60,Valparaiso,5.0,Catemu,5702.0,15213.0,0.0,0.0,0.0,0.0,0.0,0.0,0.0,0.0,0.0,0.0,0.0,0.0
61,Valparaiso,5.0,Concon,5103.0,45889.0,0.0,0.0,7.0,7.0,0.0,0.0,6.0,7.0,7.0,7.0,13.0,28.3
62,Valparaiso,5.0,El Quisco,5604.0,17742.0,0.0,0.0,0.0,0.0,0.0,0.0,3.0,4.0,6.0,8.0,11.0,62.0
63,Valparaiso,5.0,El Tabo,5605.0,14338.0,0.0,0.0,0.0,0.0,0.0,0.0,2.0,3.0,6.0,6.0,9.0,62.8
64,Valparaiso,5.0,Hijuelas,5503.0,19099.0,0.0,0.0,0.0,0.0,0.0,0.0,0.0,0.0,0.0,1.0,1.0,5.2
65,Valparaiso,5.0,Isla de Pascua,5201.0,8277.0,0.0,5.0,5.0,5.0,5.0,6.0,6.0,6.0,5.0,5.0,5.0,60.4
66,Valparaiso,5.0,Juan Fernandez,5104.0,1033.0,0.0,0.0,0.0,0.0,0.0,0.0,0.0,0.0,0.0,0.0,0.0,0.0
67,Valparaiso,5.0,La Cruz,5504.0,25321.0,0.0,0.0,0.0,0.0,0.0,0.0,5.0,5.0,5.0,7.0,8.0,31.6
68,Valparaiso,5.0,La Ligua,5401.0,37739.0,0.0,0.0,0.0,0.0,0.0,0.0,2.0,2.0,2.0,2.0,2.0,5.3
69,Valparaiso,5.0,Limache,5802.0,49931.0,0.0,0.0,0.0,4.0,5.0,7.0,8.0,13.0,20.0,20.0,23.0,46.1
70,Valparaiso,5.0,Llaillay,5703.0,26533.0,0.0,0.0,0.0,0.0,0.0,0.0,2.0,2.0,2.0,2.0,2.0,7.5
71,Valparaiso,5.0,Los Andes,5301.0,68093.0,0.0,0.0,0.0,0.0,6.0,6.0,6.0,7.0,9.0,9.0,6.0,8.8
72,Valparaiso,5.0,Nogales,5506.0,23490.0,0.0,0.0,0.0,0.0,0.0,0.0,0.0,0.0,0.0,0.0,0.0,0.0
73,Valparaiso,5.0,Olmue,5803.0,19266.0,0.0,0.0,0.0,0.0,0.0,0.0,1.0,1.0,2.0,2.0,2.0,10.4
74,Valparaiso,5.0,Panquehue,5704.0,7633.0,0.0,0.0,0.0,0.0,0.0,0.0,0.0,0.0,0.0,0.0,0.0,0.0
75,Valparaiso,5.0,Papudo,5403.0,6201.0,0.0,0.0,0.0,0.0,0.0,0.0,0.0,0.0,0.0,0.0,0.0,0.0
76,Valparaiso,5.0,Petorca,5404.0,10558.0,0.0,0.0,0.0,5.0,4.0,5.0,6.0,6.0,6.0,6.0,6.0,56.8
77,Valparaiso,5.0,Puchuncavi,5105.0,20071.0,0.0,0.0,0.0,0.0,0.0,0.0,0.0,0.0,0.0,0.0,0.0,0.0
78,Valparaiso,5.0,Putaendo,5705.0,17645.0,0.0,0.0,0.0,0.0,0.0,0.0,1.0,2.0,2.0,5.0,5.0,28.3
79,Valparaiso,5.0,Quillota,5501.0,97572.0,6.0,7.0,9.0,9.0,13.0,13.0,16.0,18.0,19.0,20.0,22.0,22.5
80,Valparaiso,5.0,Quilpue,5801.0,167085.0,11.0,10.0,11.0,12.0,15.0,18.0,20.0,21.0,22.0,27.0,30.0,18.0
81,Valparaiso,5.0,Quintero,5107.0,36135.0,0.0,0.0,0.0,0.0,0.0,4.0,5.0,4.0,4.0,4.0,6.0,16.6
82,Valparaiso,5.0,Rinconada,5303.0,11263.0,0.0,0.0,0.0,0.0,0.0,0.0,2.0,2.0,2.0,2.0,2.0,17.8
83,Valparaiso,5.0,San Antonio,5601.0,96761.0,0.0,4.0,8.0,9.0,9.0,13.0,17.0,19.0,28.0,34.0,46.0,47.5
84,Valparaiso,5.0,San Esteban,5304.0,20643.0,0.0,0.0,0.0,0.0,0.0,0.0,0.0,0.0,0.0,1.0,1.0,4.8
85,Valparaiso,5.0,San Felipe,5701.0,83494.0,0.0,0.0,5.0,5.0,6.0,6.0,6.0,6.0,6.0,6.0,6.0,7.2
86,Valparaiso,5.0,Santa Maria,5706.0,16367.0,0.0,0.0,0.0,0.0,0.0,0.0,2.0,2.0,2.0,2.0,2.0,12.2
87,Valparaiso,5.0,Santo Domingo,5606.0,11934.0,,0.0,0.0,0.0,5.0,5.0,5.0,10.0,11.0,12.0,17.0,142.5
88,Valparaiso,5.0,Valparaiso,5101.0,315732.0,16.0,26.0,23.0,26.0,36.0,39.0,44.0,45.0,51.0,59.0,67.0,21.2
89,Valparaiso,5.0,Villa Alemana,5804.0,139310.0,6.0,8.0,11.0,11.0,12.0,12.0,12.0,12.0,13.0,13.0,14.0,10.0
90,Valparaiso,5.0,Vina del Mar,5109.0,361371.0,29.0,38.0,47.0,53.0,66.0,69.0,72.0,75.0,84.0,94.0,103.0,28.5
91,Valparaiso,5.0,Zapallar,5405.0,7994.0,0.0,0.0,0.0,0.0,0.0,0.0,0.0,0.0,0.0,0.0,0.0,0.0
92,Valparaiso,5.0,Total,,1960170.0,102.0,136.0,176.0,198.0,225.0,241.0,273.0,299.0,345.0,390.0,455.0,23.2
93,,,,,,,,,,,,,,,,,
94,Metropolitana,13.0,Alhue,13502.0,7405.0,0.0,0.0,0.0,0.0,0.0,0.0,0.0,0.0,0.0,0.0,0.0,0.0
95,Metropolitana,13.0,Buin,13402.0,109641.0,7.0,8.0,14.0,20.0,20.0,29.0,36.0,40.0,43.0,47.0,53.0,48.3
96,Metropolitana,13.0,Calera de Tango,13403.0,28525.0,6.0,7.0,7.0,7.0,8.0,8.0,10.0,10.0,11.0,14.0,15.0,52.6
97,Metropolitana,13.0,Cerrillos,13102.0,88956.0,0.0,4.0,4.0,5.0,11.0,21.0,29.0,39.0,48.0,53.0,66.0,74.2
98,Metropolitana,13.0,Cerro Navia,13103.0,142465.0,19.0,21.0,26.0,31.0,36.0,42.0,57.0,65.0,79.0,99.0,118.0,82.8
99,Metropolitana,13.0,Colina,13301.0,180353.0,32.0,39.0,47.0,50.0,62.0,66.0,74.0,77.0,81.0,90.0,95.0,52.7
100,Metropolitana,13.0,Conchali,13104.0,139195.0,14.0,18.0,22.0,32.0,38.0,47.0,52.0,56.0,64.0,80.0,98.0,70.4
101,Metropolitana,13.0,Curacavi,13503.0,36430.0,5.0,5.0,5.0,8.0,9.0,10.0,13.0,14.0,14.0,14.0,15.0,41.2
102,Metropolitana,13.0,El Bosque,13105.0,172000.0,18.0,28.0,35.0,37.0,46.0,64.0,83.0,93.0,107.0,127.0,145.0,84.3
103,Metropolitana,13.0,El Monte,13602.0,40014.0,0.0,0.0,0.0,5.0,7.0,9.0,10.0,10.0,12.0,12.0,13.0,32.5
104,Metropolitana,13.0,Estacion Central,13106.0,206792.0,16.0,22.0,25.0,36.0,41.0,61.0,71.0,89.0,101.0,120.0,162.0,78.3
105,Metropolitana,13.0,Huechuraba,13107.0,112528.0,17.0,19.0,22.0,32.0,35.0,38.0,48.0,53.0,59.0,66.0,77.0,68.4
106,Metropolitana,13.0,Independencia,13108.0,142065.0,15.0,17.0,22.0,26.0,31.0,37.0,52.0,60.0,80.0,115.0,196.0,138.0
107,Metropolitana,13.0,Isla de Maipo,13603.0,40171.0,0.0,0.0,0.0,4.0,7.0,10.0,10.0,11.0,11.0,11.0,11.0,27.4
108,Metropolitana,13.0,La Cisterna,13109.0,100434.0,10.0,12.0,12.0,20.0,26.0,34.0,39.0,45.0,47.0,61.0,73.0,72.7
109,Metropolitana,13.0,La Florida,13110.0,402433.0,43.0,58.0,67.0,91.0,103.0,126.0,165.0,176.0,211.0,231.0,282.0,70.1
110,Metropolitana,13.0,La Granja,13111.0,122557.0,5.0,8.0,16.0,24.0,26.0,36.0,46.0,51.0,60.0,69.0,80.0,65.3
111,Metropolitana,13.0,La Pintana,13112.0,189335.0,0.0,10.0,13.0,18.0,25.0,39.0,55.0,70.0,88.0,107.0,128.0,67.6
112,Metropolitana,13.0,La Reina,13113.0,100252.0,24.0,26.0,30.0,35.0,44.0,52.0,54.0,56.0,59.0,62.0,65.0,64.8
113,Metropolitana,13.0,Lampa,13302.0,126898.0,10.0,10.0,13.0,14.0,18.0,26.0,37.0,41.0,45.0,48.0,58.0,45.7
114,Metropolitana,13.0,Las Condes,13114.0,330759.0,181.0,208.0,224.0,258.0,266.0,281.0,296.0,306.0,320.0,326.0,346.0,104.6
115,Metropolitana,13.0,Lo Barnechea,13115.0,124076.0,68.0,78.0,85.0,97.0,105.0,110.0,116.0,125.0,144.0,157.0,170.0,137.0
116,Metropolitana,13.0,Lo Espejo,13116.0,103865.0,4.0,7.0,9.0,15.0,23.0,34.0,48.0,56.0,60.0,67.0,80.0,77.0
117,Metropolitana,13.0,Lo Prado,13117.0,104403.0,14.0,18.0,20.0,25.0,32.0,35.0,43.0,47.0,62.0,75.0,88.0,84.3
118,Metropolitana,13.0,Macul,13118.0,134635.0,10.0,15.0,23.0,34.0,37.0,43.0,49.0,51.0,57.0,64.0,89.0,66.1
119,Metropolitana,13.0,Maipu,13119.0,578605.0,43.0,55.0,64.0,83.0,106.0,167.0,203.0,241.0,284.0,312.0,364.0,62.9
120,Metropolitana,13.0,Maria Pinto,13504.0,14926.0,0.0,0.0,0.0,0.0,0.0,0.0,0.0,0.0,1.0,1.0,1.0,6.7
121,Metropolitana,13.0,Melipilla,13501.0,141612.0,6.0,8.0,9.0,11.0,12.0,16.0,17.0,19.0,25.0,35.0,40.0,28.2
122,Metropolitana,13.0,Nunoa,13120.0,250192.0,67.0,84.0,93.0,107.0,118.0,155.0,171.0,188.0,217.0,240.0,269.0,107.5
123,Metropolitana,13.0,Padre Hurtado,13604.0,74188.0,10.0,11.0,14.0,16.0,18.0,20.0,26.0,27.0,28.0,32.0,35.0,47.2
124,Metropolitana,13.0,Paine,13404.0,82766.0,0.0,0.0,0.0,0.0,0.0,7.0,8.0,9.0,10.0,11.0,13.0,15.7
125,Metropolitana,13.0,Pedro Aguirre Cerda,13121.0,107803.0,7.0,13.0,13.0,16.0,19.0,36.0,54.0,70.0,78.0,89.0,109.0,101.1
126,Metropolitana,13.0,Penaflor,13605.0,101058.0,10.0,13.0,13.0,18.0,18.0,20.0,25.0,26.0,29.0,35.0,44.0,43.5
127,Metropolitana,13.0,Penalolen,13122.0,266798.0,31.0,46.0,54.0,65.0,78.0,98.0,131.0,137.0,162.0,187.0,209.0,78.3
128,Metropolitana,13.0,Pirque,13202.0,30433.0,0.0,0.0,0.0,4.0,4.0,9.0,10.0,12.0,13.0,14.0,16.0,52.6
129,Metropolitana,13.0,Providencia,13123.0,157749.0,82.0,87.0,94.0,104.0,115.0,129.0,136.0,147.0,164.0,180.0,196.0,124.2
130,Metropolitana,13.0,Pudahuel,13124.0,253139.0,17.0,25.0,32.0,44.0,52.0,67.0,78.0,88.0,103.0,118.0,137.0,54.1
131,Metropolitana,13.0,Puente Alto,13201.0,645909.0,45.0,58.0,76.0,119.0,166.0,239.0,322.0,374.0,472.0,562.0,688.0,106.5
132,Metropolitana,13.0,Quilicura,13125.0,254694.0,17.0,29.0,33.0,51.0,57.0,79.0,94.0,101.0,112.0,129.0,164.0,64.4
133,Metropolitana,13.0,Quinta Normal,13126.0,136368.0,21.0,25.0,35.0,41.0,57.0,69.0,84.0,105.0,125.0,149.0,172.0,126.1
134,Metropolitana,13.0,Recoleta,13127.0,190075.0,17.0,23.0,32.0,44.0,52.0,61.0,73.0,81.0,107.0,126.0,174.0,91.5
135,Metropolitana,13.0,Renca,13128.0,160847.0,9.0,14.0,18.0,19.0,22.0,28.0,42.0,50.0,70.0,82.0,107.0,66.5
136,Metropolitana,13.0,San Bernardo,13401.0,334836.0,32.0,41.0,53.0,74.0,79.0,117.0,140.0,156.0,198.0,237.0,318.0,95.0
137,Metropolitana,13.0,San Joaquin,13129.0,103485.0,13.0,24.0,28.0,36.0,42.0,52.0,58.0,68.0,84.0,101.0,118.0,114.0
138,Metropolitana,13.0,San Jose de Maipo,13203.0,18644.0,0.0,0.0,0.0,0.0,0.0,4.0,4.0,4.0,4.0,4.0,7.0,37.5
139,Metropolitana,13.0,San Miguel,13130.0,133059.0,25.0,32.0,39.0,49.0,56.0,69.0,86.0,97.0,111.0,131.0,152.0,114.2
140,Metropolitana,13.0,San Pedro,13505.0,11953.0,0.0,0.0,0.0,0.0,0.0,0.0,0.0,0.0,0.0,1.0,2.0,16.7
141,Metropolitana,13.0,San Ramon,13131.0,86510.0,0.0,6.0,9.0,9.0,12.0,18.0,20.0,27.0,32.0,42.0,66.0,76.3
142,Metropolitana,13.0,Santiago,13101.0,503147.0,127.0,156.0,173.0,234.0,271.0,321.0,375.0,404.0,463.0,500.0,608.0,120.8
143,Metropolitana,13.0,Talagante,13601.0,81838.0,0.0,5.0,6.0,11.0,14.0,18.0,21.0,24.0,26.0,27.0,30.0,36.7
144,Metropolitana,13.0,Tiltil,13303.0,21477.0,0.0,0.0,0.0,0.0,4.0,4.0,4.0,4.0,4.0,5.0,5.0,23.3
145,Metropolitana,13.0,Vitacura,13132.0,96774.0,83.0,90.0,100.0,114.0,114.0,119.0,127.0,128.0,130.0,132.0,133.0,137.4
146,Metropolitana,13.0,Total,,8125072.0,1197.0,1521.0,1742.0,2244.0,2548.0,3193.0,3803.0,4334.0,4915.0,5597.0,6700.0,82.5
147,,,,,,,,,,,,,,,,,
148,Del Libertador General Bernardo O’Higgins,6.0,Chepica,6302.0,15925.0,0.0,0.0,0.0,0.0,0.0,0.0,0.0,0.0,0.0,0.0,0.0,0.0
149,Del Libertador General Bernardo O’Higgins,6.0,Chimbarongo,6303.0,37696.0,0.0,0.0,0.0,0.0,0.0,0.0,2.0,4.0,4.0,2.0,2.0,5.3
150,Del Libertador General Bernardo O’Higgins,6.0,Codegua,6102.0,14096.0,0.0,0.0,0.0,0.0,0.0,0.0,0.0,0.0,0.0,1.0,1.0,7.1
151,Del Libertador General Bernardo O’Higgins,6.0,Coinco,6103.0,7831.0,0.0,0.0,0.0,0.0,0.0,0.0,0.0,0.0,0.0,0.0,1.0,12.8
152,Del Libertador General Bernardo O’Higgins,6.0,Coltauco,6104.0,21263.0,0.0,0.0,0.0,0.0,0.0,0.0,0.0,0.0,0.0,0.0,0.0,0.0
153,Del Libertador General Bernardo O’Higgins,6.0,Donihue,6105.0,22700.0,0.0,0.0,0.0,0.0,0.0,0.0,0.0,0.0,0.0,0.0,1.0,4.4
154,Del Libertador General Bernardo O’Higgins,6.0,Graneros,6106.0,36504.0,0.0,0.0,0.0,0.0,0.0,0.0,0.0,0.0,0.0,0.0,2.0,5.5
155,Del Libertador General Bernardo O’Higgins,6.0,La Estrella,6202.0,3114.0,0.0,0.0,0.0,0.0,0.0,0.0,0.0,0.0,0.0,0.0,0.0,0.0
156,Del Libertador General Bernardo O’Higgins,6.0,Las Cabras,6107.0,26749.0,0.0,0.0,0.0,0.0,0.0,0.0,0.0,1.0,1.0,1.0,3.0,11.2
157,Del Libertador General Bernardo O’Higgins,6.0,Litueche,6203.0,6765.0,0.0,0.0,0.0,0.0,0.0,0.0,0.0,0.0,0.0,0.0,1.0,14.8
158,Del Libertador General Bernardo O’Higgins,6.0,Lolol,6304.0,7289.0,0.0,0.0,0.0,0.0,0.0,0.0,0.0,0.0,0.0,0.0,0.0,0.0
159,Del Libertador General Bernardo O’Higgins,6.0,Machali,6108.0,59913.0,0.0,6.0,7.0,8.0,8.0,8.0,8.0,8.0,9.0,10.0,16.0,26.7
160,Del Libertador General Bernardo O’Higgins,6.0,Malloa,6109.0,14163.0,0.0,0.0,0.0,0.0,0.0,0.0,0.0,0.0,0.0,0.0,0.0,0.0
161,Del Libertador General Bernardo O’Higgins,6.0,Marchihue,6204.0,7632.0,0.0,0.0,0.0,0.0,0.0,0.0,0.0,0.0,0.0,0.0,0.0,0.0
162,Del Libertador General Bernardo O’Higgins,6.0,Mostazal,6110.0,27462.0,0.0,0.0,0.0,0.0,0.0,0.0,0.0,0.0,0.0,0.0,0.0,0.0
163,Del Libertador General Bernardo O’Higgins,6.0,Nancagua,6305.0,19141.0,0.0,0.0,0.0,0.0,0.0,0.0,0.0,0.0,0.0,0.0,0.0,0.0
164,Del Libertador General Bernardo O’Higgins,6.0,Navidad,6205.0,6904.0,0.0,0.0,0.0,0.0,0.0,0.0,0.0,0.0,0.0,0.0,0.0,0.0
165,Del Libertador General Bernardo O’Higgins,6.0,Olivar,6111.0,14624.0,0.0,0.0,0.0,0.0,0.0,0.0,6.0,7.0,7.0,6.0,6.0,41.0
166,Del Libertador General Bernardo O’Higgins,6.0,Palmilla,6306.0,13299.0,0.0,0.0,0.0,0.0,0.0,0.0,0.0,0.0,0.0,0.0,0.0,0.0
167,Del Libertador General Bernardo O’Higgins,6.0,Paredones,6206.0,6349.0,0.0,0.0,0.0,0.0,0.0,0.0,0.0,0.0,0.0,0.0,0.0,0.0
168,Del Libertador General Bernardo O’Higgins,6.0,Peralillo,6307.0,11848.0,0.0,0.0,0.0,0.0,0.0,0.0,0.0,0.0,0.0,0.0,0.0,0.0
169,Del Libertador General Bernardo O’Higgins,6.0,Peumo,6112.0,14952.0,0.0,0.0,0.0,0.0,0.0,0.0,1.0,1.0,1.0,1.0,1.0,6.7
170,Del Libertador General Bernardo O’Higgins,6.0,Pichidegua,6113.0,20743.0,0.0,0.0,0.0,0.0,0.0,0.0,0.0,0.0,0.0,0.0,0.0,0.0
171,Del Libertador General Bernardo O’Higgins,6.0,Pichilemu,6201.0,17882.0,0.0,0.0,0.0,0.0,0.0,0.0,0.0,0.0,0.0,0.0,0.0,0.0
172,Del Libertador General Bernardo O’Higgins,6.0,Placilla,6308.0,9164.0,0.0,0.0,0.0,0.0,0.0,0.0,1.0,2.0,2.0,1.0,1.0,10.9
173,Del Libertador General Bernardo O’Higgins,6.0,Pumanque,6309.0,3531.0,0.0,0.0,0.0,0.0,0.0,0.0,0.0,0.0,0.0,0.0,0.0,0.0
174,Del Libertador General Bernardo O’Higgins,6.0,Quinta de Tilcoco,6114.0,13877.0,0.0,0.0,0.0,0.0,0.0,0.0,3.0,3.0,3.0,1.0,1.0,7.2
175,Del Libertador General Bernardo O’Higgins,6.0,Rancagua,6101.0,265211.0,7.0,7.0,9.0,15.0,15.0,15.0,15.0,15.0,15.0,22.0,28.0,10.6
176,Del Libertador General Bernardo O’Higgins,6.0,Rengo,6115.0,63710.0,0.0,0.0,0.0,0.0,0.0,0.0,1.0,1.0,1.0,2.0,3.0,4.7
177,Del Libertador General Bernardo O’Higgins,6.0,Requinoa,6116.0,30371.0,0.0,0.0,0.0,0.0,0.0,0.0,1.0,1.0,1.0,2.0,3.0,9.9
178,Del Libertador General Bernardo O’Higgins,6.0,San Fernando,6301.0,78642.0,0.0,4.0,4.0,4.0,4.0,4.0,4.0,5.0,5.0,6.0,5.0,6.4
179,Del Libertador General Bernardo O’Higgins,6.0,San Vicente,6117.0,50617.0,0.0,0.0,4.0,4.0,4.0,4.0,4.0,4.0,4.0,4.0,4.0,7.9
180,Del Libertador General Bernardo O’Higgins,6.0,Santa Cruz,6310.0,41096.0,0.0,0.0,0.0,0.0,0.0,0.0,2.0,2.0,2.0,1.0,2.0,4.9
181,Del Libertador General Bernardo O’Higgins,6.0,Total,,991063.0,16.0,26.0,33.0,42.0,43.0,44.0,48.0,54.0,55.0,60.0,81.0,8.2
182,,,,,,,,,,,,,,,,,
183,Maule,7.0,Cauquenes,7201.0,44143.0,0.0,0.0,0.0,4.0,4.0,4.0,4.0,4.0,8.0,10.0,12.0,27.2
184,Maule,7.0,Chanco,7202.0,9331.0,0.0,0.0,0.0,0.0,0.0,0.0,0.0,0.0,0.0,2.0,2.0,21.4
185,Maule,7.0,Colbun,7402.0,22565.0,0.0,4.0,4.0,5.0,5.0,5.0,5.0,5.0,6.0,5.0,6.0,26.6
186,Maule,7.0,Constitucion,7102.0,50348.0,0.0,0.0,0.0,0.0,5.0,5.0,5.0,4.0,11.0,11.0,18.0,35.8
187,Maule,7.0,Curepto,7103.0,9426.0,0.0,0.0,0.0,0.0,0.0,0.0,3.0,3.0,3.0,7.0,8.0,84.9
188,Maule,7.0,Curico,7301.0,163626.0,6.0,8.0,11.0,13.0,13.0,17.0,20.0,23.0,24.0,31.0,31.0,18.9
189,Maule,7.0,Empedrado,7104.0,4206.0,0.0,0.0,0.0,0.0,0.0,0.0,0.0,0.0,0.0,0.0,0.0,0.0
190,Maule,7.0,Hualane,7302.0,10222.0,0.0,0.0,0.0,0.0,0.0,0.0,0.0,0.0,0.0,0.0,0.0,0.0
191,Maule,7.0,Licanten,7303.0,6989.0,0.0,0.0,0.0,0.0,0.0,0.0,0.0,0.0,1.0,2.0,2.0,28.6
192,Maule,7.0,Linares,7401.0,101073.0,4.0,6.0,10.0,11.0,12.0,13.0,13.0,13.0,15.0,22.0,22.0,21.8
193,Maule,7.0,Longavi,7403.0,32810.0,0.0,0.0,0.0,0.0,0.0,0.0,2.0,2.0,3.0,3.0,4.0,12.2
194,Maule,7.0,Maule,7105.0,60000.0,0.0,0.0,0.0,0.0,0.0,0.0,4.0,5.0,10.0,13.0,22.0,36.7
195,Maule,7.0,Molina,7304.0,49800.0,0.0,0.0,0.0,0.0,0.0,0.0,3.0,3.0,4.0,5.0,7.0,14.1
196,Maule,7.0,Parral,7404.0,44544.0,4.0,0.0,0.0,0.0,4.0,5.0,6.0,6.0,6.0,6.0,9.0,20.2
197,Maule,7.0,Pelarco,7106.0,9083.0,0.0,0.0,0.0,0.0,0.0,0.0,3.0,3.0,5.0,5.0,5.0,55.0
198,Maule,7.0,Pelluhue,7203.0,8092.0,0.0,0.0,0.0,0.0,0.0,0.0,1.0,1.0,1.0,1.0,2.0,24.7
199,Maule,7.0,Pencahue,7107.0,8601.0,0.0,0.0,0.0,0.0,0.0,0.0,0.0,0.0,1.0,2.0,3.0,34.9
200,Maule,7.0,Rauco,7305.0,11248.0,0.0,0.0,0.0,0.0,0.0,0.0,2.0,2.0,2.0,2.0,2.0,17.8
201,Maule,7.0,Retiro,7405.0,21071.0,0.0,0.0,0.0,0.0,0.0,0.0,1.0,1.0,2.0,2.0,1.0,4.7
202,Maule,7.0,Rio Claro,7108.0,14753.0,0.0,0.0,0.0,0.0,0.0,0.0,3.0,3.0,6.0,6.0,7.0,47.4
203,Maule,7.0,Romeral,7306.0,16170.0,0.0,0.0,0.0,0.0,0.0,0.0,3.0,4.0,5.0,12.0,13.0,80.4
204,Maule,7.0,Sagrada Familia,7307.0,19469.0,0.0,0.0,0.0,0.0,0.0,0.0,1.0,1.0,1.0,1.0,2.0,10.3
205,Maule,7.0,San Clemente,7109.0,46292.0,0.0,0.0,0.0,0.0,0.0,0.0,0.0,0.0,4.0,7.0,9.0,19.4
206,Maule,7.0,San Javier,7406.0,49451.0,0.0,0.0,0.0,7.0,7.0,8.0,8.0,9.0,11.0,16.0,20.0,40.4
207,Maule,7.0,San Rafael,7110.0,9959.0,0.0,0.0,0.0,0.0,0.0,0.0,2.0,2.0,2.0,2.0,3.0,30.1
208,Maule,7.0,Talca,7101.0,236724.0,34.0,37.0,42.0,48.0,51.0,51.0,51.0,57.0,91.0,133.0,145.0,61.3
209,Maule,7.0,Teno,7308.0,30850.0,0.0,0.0,0.0,0.0,0.0,0.0,1.0,1.0,1.0,2.0,2.0,6.5
210,Maule,7.0,Vichuquen,7309.0,4381.0,0.0,0.0,0.0,0.0,0.0,0.0,0.0,0.0,0.0,0.0,0.0,0.0
211,Maule,7.0,Villa Alegre,7407.0,17512.0,0.0,0.0,0.0,0.0,0.0,0.0,0.0,0.0,0.0,1.0,1.0,5.7
212,Maule,7.0,Yerbas Buenas,7408.0,19200.0,0.0,0.0,0.0,0.0,0.0,0.0,0.0,0.0,0.0,1.0,1.0,5.2
213,Maule,7.0,Total,,1131939.0,58.0,71.0,89.0,108.0,119.0,131.0,141.0,152.0,223.0,310.0,359.0,31.7
214,,,,,,,,,,,,,,,,,
215,Nuble,16.0,Bulnes,16102.0,22607.0,12.0,18.0,32.0,36.0,45.0,48.0,48.0,48.0,48.0,54.0,59.0,261.0
216,Nuble,16.0,Chillan,16101.0,198624.0,114.0,173.0,240.0,291.0,327.0,342.0,355.0,373.0,387.0,395.0,411.0,206.9
217,Nuble,16.0,Chillan Viejo,16103.0,33827.0,13.0,22.0,26.0,30.0,34.0,40.0,44.0,45.0,45.0,49.0,52.0,153.7
218,Nuble,16.0,Cobquecura,16202.0,5275.0,0.0,0.0,0.0,0.0,0.0,0.0,0.0,0.0,0.0,0.0,0.0,0.0
219,Nuble,16.0,Coelemu,16203.0,16845.0,0.0,0.0,0.0,0.0,4.0,4.0,4.0,4.0,4.0,4.0,4.0,23.7
220,Nuble,16.0,Coihueco,16302.0,28375.0,0.0,0.0,0.0,6.0,7.0,8.0,11.0,11.0,14.0,21.0,24.0,84.6
221,Nuble,16.0,El Carmen,16104.0,12334.0,0.0,0.0,0.0,0.0,0.0,0.0,3.0,3.0,3.0,3.0,3.0,24.3
222,Nuble,16.0,Ninhue,16204.0,5414.0,0.0,0.0,0.0,0.0,0.0,0.0,2.0,3.0,3.0,4.0,4.0,73.9
223,Nuble,16.0,Niquen,16303.0,11567.0,0.0,0.0,0.0,0.0,0.0,0.0,2.0,2.0,2.0,3.0,3.0,25.9
224,Nuble,16.0,Pemuco,16105.0,8639.0,0.0,0.0,0.0,0.0,0.0,0.0,4.0,4.0,4.0,5.0,5.0,57.9
225,Nuble,16.0,Pinto,16106.0,11880.0,0.0,0.0,6.0,9.0,10.0,10.0,10.0,10.0,10.0,11.0,11.0,92.6
226,Nuble,16.0,Portezuelo,16205.0,4940.0,0.0,0.0,0.0,0.0,0.0,0.0,1.0,0.0,0.0,0.0,0.0,0.0
227,Nuble,16.0,Quillon,16107.0,18777.0,4.0,7.0,15.0,17.0,22.0,22.0,23.0,23.0,24.0,26.0,26.0,138.5
228,Nuble,16.0,Quirihue,16201.0,12192.0,0.0,0.0,0.0,0.0,4.0,4.0,4.0,2.0,3.0,3.0,4.0,32.8
229,Nuble,16.0,Ranquil,16206.0,6261.0,0.0,0.0,5.0,7.0,9.0,9.0,10.0,9.0,9.0,9.0,9.0,143.7
230,Nuble,16.0,San Carlos,16301.0,56252.0,8.0,13.0,13.0,19.0,28.0,29.0,31.0,31.0,31.0,32.0,34.0,60.4
231,Nuble,16.0,San Fabian,16304.0,4654.0,0.0,5.0,6.0,6.0,6.0,6.0,6.0,6.0,6.0,6.0,7.0,150.4
232,Nuble,16.0,San Ignacio,16108.0,16624.0,0.0,0.0,0.0,6.0,6.0,6.0,6.0,4.0,4.0,4.0,5.0,30.1
233,Nuble,16.0,San Nicolas,16305.0,12172.0,0.0,0.0,4.0,10.0,11.0,12.0,12.0,14.0,14.0,14.0,14.0,115.0
234,Nuble,16.0,Treguaco,16207.0,5696.0,0.0,0.0,0.0,0.0,0.0,0.0,0.0,0.0,0.0,0.0,0.0,0.0
235,Nuble,16.0,Yungay,16109.0,18596.0,0.0,7.0,10.0,26.0,37.0,38.0,42.0,42.0,45.0,46.0,46.0,247.4
236,Nuble,16.0,Total,,511551.0,162.0,259.0,370.0,474.0,561.0,589.0,618.0,634.0,656.0,689.0,721.0,140.9
237,,,,,,,,,,,,,,,,,
238,Biobio,8.0,Alto Biobio,8314.0,6775.0,0.0,0.0,0.0,0.0,0.0,0.0,0.0,1.0,1.0,1.0,0.0,0.0
239,Biobio,8.0,Antuco,8302.0,4306.0,0.0,0.0,0.0,0.0,0.0,0.0,0.0,0.0,0.0,0.0,0.0,0.0
240,Biobio,8.0,Arauco,8202.0,38679.0,0.0,5.0,6.0,6.0,6.0,6.0,6.0,5.0,6.0,6.0,6.0,15.5
241,Biobio,8.0,Cabrero,8303.0,30725.0,0.0,0.0,0.0,0.0,0.0,4.0,7.0,8.0,9.0,9.0,13.0,42.3
242,Biobio,8.0,Canete,8203.0,37003.0,0.0,0.0,0.0,0.0,0.0,0.0,0.0,0.0,0.0,0.0,0.0,0.0
243,Biobio,8.0,Chiguayante,8103.0,91180.0,6.0,18.0,26.0,32.0,35.0,40.0,41.0,37.0,39.0,41.0,57.0,62.5
244,Biobio,8.0,Concepcion,8101.0,238092.0,28.0,47.0,53.0,70.0,73.0,81.0,92.0,130.0,142.0,149.0,136.0,57.1
245,Biobio,8.0,Contulmo,8204.0,6330.0,0.0,0.0,0.0,0.0,0.0,0.0,0.0,0.0,0.0,0.0,0.0,0.0
246,Biobio,8.0,Coronel,8102.0,125829.0,0.0,11.0,12.0,13.0,18.0,18.0,18.0,15.0,15.0,15.0,16.0,12.7
247,Biobio,8.0,Curanilahue,8205.0,33892.0,0.0,0.0,0.0,0.0,0.0,0.0,1.0,1.0,1.0,1.0,2.0,5.9
248,Biobio,8.0,Florida,8104.0,11841.0,0.0,0.0,0.0,0.0,0.0,0.0,2.0,4.0,4.0,4.0,3.0,25.3
249,Biobio,8.0,Hualpen,8112.0,97273.0,0.0,39.0,50.0,67.0,74.0,83.0,93.0,65.0,70.0,77.0,103.0,105.9
250,Biobio,8.0,Hualqui,8105.0,26201.0,0.0,0.0,0.0,7.0,7.0,7.0,8.0,9.0,13.0,15.0,19.0,72.5
251,Biobio,8.0,Laja,8304.0,23873.0,0.0,0.0,0.0,5.0,5.0,5.0,6.0,7.0,7.0,7.0,10.0,41.9
252,Biobio,8.0,Lebu,8201.0,27100.0,0.0,0.0,0.0,0.0,0.0,0.0,0.0,0.0,0.0,0.0,0.0,0.0
253,Biobio,8.0,Los Alamos,8206.0,22524.0,0.0,0.0,0.0,0.0,0.0,0.0,0.0,0.0,0.0,0.0,1.0,4.4
254,Biobio,8.0,Los Angeles,8301.0,218515.0,11.0,15.0,12.0,17.0,22.0,22.0,22.0,25.0,26.0,30.0,31.0,14.2
255,Biobio,8.0,Lota,8106.0,45750.0,0.0,0.0,0.0,0.0,0.0,0.0,1.0,1.0,1.0,1.0,1.0,2.2
256,Biobio,8.0,Mulchen,8305.0,31041.0,0.0,5.0,5.0,5.0,5.0,5.0,5.0,5.0,5.0,5.0,5.0,16.1
257,Biobio,8.0,Nacimiento,8306.0,27944.0,0.0,0.0,0.0,0.0,4.0,5.0,9.0,10.0,10.0,10.0,10.0,35.8
258,Biobio,8.0,Negrete,8307.0,10429.0,0.0,0.0,0.0,0.0,0.0,0.0,2.0,2.0,2.0,2.0,2.0,19.2
259,Biobio,8.0,Penco,8107.0,49865.0,0.0,0.0,0.0,5.0,5.0,5.0,9.0,11.0,12.0,15.0,17.0,34.1
260,Biobio,8.0,Quilaco,8308.0,4179.0,0.0,0.0,0.0,0.0,0.0,0.0,0.0,0.0,0.0,0.0,0.0,0.0
261,Biobio,8.0,Quilleco,8309.0,10032.0,0.0,0.0,0.0,0.0,0.0,0.0,0.0,0.0,0.0,1.0,1.0,10.0
262,Biobio,8.0,San Pedro de la Paz,8108.0,145906.0,18.0,50.0,56.0,63.0,71.0,73.0,80.0,75.0,75.0,85.0,99.0,67.9
263,Biobio,8.0,San Rosendo,8310.0,3611.0,0.0,0.0,0.0,0.0,0.0,0.0,0.0,0.0,0.0,0.0,0.0,0.0
264,Biobio,8.0,Santa Barbara,8311.0,14592.0,0.0,0.0,0.0,0.0,0.0,0.0,2.0,3.0,3.0,3.0,3.0,20.6
265,Biobio,8.0,Santa Juana,8109.0,14779.0,0.0,0.0,0.0,0.0,0.0,0.0,0.0,0.0,0.0,1.0,2.0,13.5
266,Biobio,8.0,Talcahuano,8110.0,158345.0,0.0,23.0,29.0,36.0,45.0,46.0,56.0,82.0,85.0,97.0,90.0,56.8
267,Biobio,8.0,Tirua,8207.0,11019.0,0.0,0.0,0.0,4.0,4.0,4.0,4.0,4.0,4.0,4.0,4.0,36.3
268,Biobio,8.0,Tome,8111.0,58729.0,4.0,6.0,9.0,25.0,30.0,30.0,37.0,37.0,37.0,41.0,50.0,85.1
269,Biobio,8.0,Tucapel,8312.0,15205.0,,0.0,0.0,0.0,0.0,0.0,1.0,0.0,1.0,1.0,1.0,6.6
270,Biobio,8.0,Yumbel,8313.0,22132.0,5.0,5.0,5.0,5.0,5.0,5.0,5.0,5.0,5.0,6.0,6.0,27.1
271,Biobio,8.0,Total,,1663696.0,85.0,240.0,302.0,383.0,439.0,474.0,512.0,542.0,578.0,627.0,688.0,41.4
272,,,,,,,,,,,,,,,,,
273,La Araucania,9.0,Angol,9201.0,56058.0,7.0,13.0,12.0,15.0,23.0,24.0,28.0,36.0,38.0,51.0,75.0,133.8
274,La Araucania,9.0,Carahue,9102.0,25486.0,0.0,0.0,0.0,0.0,6.0,6.0,18.0,20.0,22.0,26.0,30.0,117.7
275,La Araucania,9.0,Cholchol,9121.0,12341.0,0.0,0.0,0.0,0.0,0.0,4.0,4.0,4.0,5.0,5.0,5.0,40.5
276,La Araucania,9.0,Collipulli,9202.0,26148.0,0.0,0.0,0.0,0.0,0.0,0.0,1.0,1.0,0.0,1.0,2.0,7.6
277,La Araucania,9.0,Cunco,9103.0,18055.0,0.0,0.0,0.0,5.0,5.0,5.0,5.0,6.0,6.0,6.0,6.0,33.2
278,La Araucania,9.0,Curacautin,9203.0,18178.0,0.0,0.0,0.0,0.0,0.0,5.0,5.0,5.0,5.0,5.0,6.0,33.0
279,La Araucania,9.0,Curarrehue,9104.0,7802.0,0.0,0.0,0.0,0.0,4.0,4.0,4.0,4.0,4.0,4.0,4.0,51.3
280,La Araucania,9.0,Ercilla,9204.0,8458.0,0.0,0.0,0.0,0.0,0.0,0.0,3.0,3.0,4.0,7.0,8.0,94.6
281,La Araucania,9.0,Freire,9105.0,25446.0,0.0,0.0,5.0,5.0,5.0,5.0,5.0,5.0,5.0,6.0,7.0,27.5
282,La Araucania,9.0,Galvarino,9106.0,12633.0,0.0,0.0,0.0,0.0,0.0,0.0,2.0,2.0,2.0,2.0,2.0,15.8
283,La Araucania,9.0,Gorbea,9107.0,15148.0,4.0,6.0,7.0,10.0,10.0,10.0,10.0,10.0,10.0,10.0,12.0,79.2
284,La Araucania,9.0,Lautaro,9108.0,40746.0,0.0,8.0,10.0,16.0,19.0,19.0,22.0,25.0,27.0,30.0,34.0,83.4
285,La Araucania,9.0,Loncoche,9109.0,24739.0,0.0,0.0,4.0,4.0,6.0,6.0,6.0,9.0,9.0,9.0,9.0,36.4
286,La Araucania,9.0,Lonquimay,9205.0,11049.0,0.0,0.0,0.0,0.0,0.0,0.0,0.0,0.0,0.0,0.0,0.0,0.0
287,La Araucania,9.0,Los Sauces,9206.0,7517.0,0.0,0.0,0.0,0.0,0.0,0.0,0.0,0.0,0.0,0.0,0.0,0.0
288,La Araucania,9.0,Lumaco,9207.0,10050.0,0.0,0.0,0.0,0.0,0.0,0.0,0.0,0.0,0.0,0.0,0.0,0.0
289,La Araucania,9.0,Melipeuco,9110.0,6265.0,0.0,0.0,0.0,0.0,0.0,0.0,0.0,0.0,0.0,0.0,0.0,0.0
290,La Araucania,9.0,Nueva Imperial,9111.0,33777.0,0.0,0.0,11.0,16.0,20.0,22.0,25.0,32.0,34.0,37.0,36.0,106.6
291,La Araucania,9.0,Padre Las Casas,9112.0,82110.0,9.0,14.0,33.0,44.0,49.0,49.0,49.0,52.0,58.0,71.0,78.0,95.0
292,La Araucania,9.0,Perquenco,9113.0,7223.0,0.0,0.0,0.0,0.0,0.0,0.0,3.0,3.0,4.0,6.0,6.0,83.1
293,La Araucania,9.0,Pitrufquen,9114.0,26096.0,4.0,6.0,7.0,11.0,12.0,12.0,16.0,18.0,17.0,19.0,19.0,72.8
294,La Araucania,9.0,Pucon,9115.0,29782.0,0.0,0.0,0.0,4.0,5.0,5.0,5.0,6.0,10.0,11.0,12.0,40.3
295,La Araucania,9.0,Puren,9208.0,12188.0,0.0,0.0,0.0,0.0,0.0,0.0,2.0,2.0,2.0,2.0,2.0,16.4
296,La Araucania,9.0,Renaico,9209.0,10833.0,0.0,0.0,0.0,0.0,0.0,0.0,2.0,2.0,2.0,3.0,4.0,36.9
297,La Araucania,9.0,Saavedra,9116.0,12793.0,0.0,0.0,0.0,0.0,0.0,0.0,1.0,0.0,1.0,8.0,15.0,117.3
298,La Araucania,9.0,Temuco,9101.0,302931.0,154.0,225.0,293.0,365.0,407.0,443.0,471.0,506.0,547.0,605.0,644.0,212.9
299,La Araucania,9.0,Teodoro Schmidt,9117.0,15786.0,0.0,4.0,0.0,0.0,0.0,4.0,5.0,5.0,5.0,5.0,6.0,38.0
300,La Araucania,9.0,Tolten,9118.0,10055.0,0.0,0.0,4.0,5.0,7.0,7.0,7.0,6.0,6.0,6.0,6.0,59.7
301,La Araucania,9.0,Traiguen,9210.0,19314.0,0.0,0.0,0.0,0.0,0.0,0.0,2.0,2.0,2.0,3.0,3.0,15.5
302,La Araucania,9.0,Victoria,9211.0,35467.0,5.0,7.0,11.0,12.0,15.0,15.0,15.0,13.0,13.0,28.0,55.0,155.1
303,La Araucania,9.0,Vilcun,9119.0,30766.0,4.0,5.0,11.0,18.0,20.0,20.0,24.0,27.0,29.0,37.0,39.0,126.8
304,La Araucania,9.0,Villarrica,9120.0,59103.0,,4.0,6.0,11.0,15.0,15.0,18.0,19.0,17.0,18.0,19.0,32.1
305,La Araucania,9.0,Total,,1014343.0,203.0,343.0,432.0,562.0,669.0,712.0,795.0,826.0,907.0,1021.0,1144.0,112.9
306,,,,,,,,,,,,,,,,,
307,Los Rios,14.0,Corral,14102.0,5447.0,0.0,0.0,0.0,0.0,0.0,0.0,0.0,1.0,1.0,1.0,1.0,18.4
308,Los Rios,14.0,Futrono,14202.0,15261.0,0.0,0.0,0.0,5.0,5.0,5.0,5.0,5.0,5.0,5.0,5.0,32.8
309,Los Rios,14.0,La Union,14201.0,39538.0,0.0,9.0,10.0,17.0,18.0,18.0,18.0,23.0,23.0,21.0,27.0,68.3
310,Los Rios,14.0,Lago Ranco,14203.0,10292.0,0.0,0.0,0.0,0.0,0.0,0.0,2.0,2.0,2.0,2.0,2.0,19.4
311,Los Rios,14.0,Lanco,14103.0,17652.0,0.0,0.0,0.0,0.0,0.0,0.0,2.0,4.0,4.0,4.0,5.0,28.3
312,Los Rios,14.0,Los Lagos,14104.0,20518.0,0.0,0.0,0.0,0.0,0.0,0.0,0.0,0.0,0.0,0.0,0.0,0.0
313,Los Rios,14.0,Mafil,14105.0,7389.0,0.0,0.0,0.0,0.0,0.0,0.0,1.0,1.0,1.0,1.0,2.0,27.1
314,Los Rios,14.0,Mariquina,14106.0,23250.0,0.0,0.0,0.0,6.0,8.0,8.0,8.0,9.0,9.0,8.0,9.0,38.7
315,Los Rios,14.0,Paillaco,14107.0,20798.0,0.0,0.0,0.0,0.0,0.0,0.0,1.0,1.0,1.0,1.0,2.0,9.6
316,Los Rios,14.0,Panguipulli,14108.0,35991.0,0.0,0.0,0.0,0.0,0.0,0.0,2.0,0.0,0.0,1.0,0.0,0.0
317,Los Rios,14.0,Rio Bueno,14204.0,32925.0,0.0,0.0,0.0,5.0,5.0,5.0,10.0,7.0,7.0,11.0,10.0,30.4
318,Los Rios,14.0,Valdivia,14101.0,176774.0,12.0,45.0,47.0,65.0,72.0,82.0,88.0,97.0,101.0,101.0,105.0,59.4
319,Los Rios,14.0,Total,,405835.0,16.0,64.0,78.0,104.0,114.0,124.0,138.0,150.0,154.0,156.0,168.0,41.4
320,,,,,,,,,,,,,,,,,
321,Los Lagos,10.0,Ancud,10202.0,42458.0,0.0,0.0,0.0,0.0,0.0,0.0,3.0,3.0,3.0,8.0,9.0,21.2
322,Los Lagos,10.0,Calbuco,10102.0,36744.0,4.0,5.0,5.0,5.0,5.0,5.0,7.0,5.0,8.0,6.0,7.0,19.1
323,Los Lagos,10.0,Castro,10201.0,47607.0,0.0,0.0,0.0,4.0,6.0,7.0,7.0,7.0,7.0,7.0,7.0,14.7
324,Los Lagos,10.0,Chaiten,10401.0,5020.0,0.0,0.0,0.0,0.0,0.0,0.0,1.0,1.0,1.0,1.0,1.0,19.9
325,Los Lagos,10.0,Chonchi,10203.0,16013.0,0.0,0.0,0.0,0.0,0.0,0.0,0.0,0.0,0.0,0.0,0.0,0.0
326,Los Lagos,10.0,Cochamo,10103.0,4006.0,0.0,0.0,0.0,0.0,0.0,0.0,0.0,0.0,1.0,1.0,1.0,25.0
327,Los Lagos,10.0,Curaco de Velez,10204.0,4066.0,0.0,0.0,0.0,0.0,0.0,0.0,0.0,0.0,0.0,0.0,0.0,0.0
328,Los Lagos,10.0,Dalcahue,10205.0,15069.0,0.0,0.0,0.0,0.0,0.0,0.0,0.0,0.0,0.0,0.0,0.0,0.0
329,Los Lagos,10.0,Fresia,10104.0,12656.0,0.0,0.0,0.0,0.0,0.0,0.0,0.0,0.0,1.0,1.0,0.0,0.0
330,Los Lagos,10.0,Frutillar,10105.0,20223.0,0.0,0.0,0.0,0.0,0.0,0.0,5.0,6.0,6.0,6.0,6.0,29.7
331,Los Lagos,10.0,Futaleufu,10402.0,2806.0,0.0,0.0,0.0,0.0,0.0,0.0,0.0,0.0,0.0,0.0,0.0,0.0
332,Los Lagos,10.0,Hualaihue,10403.0,9525.0,0.0,0.0,0.0,0.0,0.0,0.0,3.0,3.0,3.0,3.0,3.0,31.5
333,Los Lagos,10.0,Llanquihue,10107.0,18621.0,0.0,0.0,0.0,0.0,0.0,0.0,3.0,1.0,2.0,1.0,1.0,5.4
334,Los Lagos,10.0,Los Muermos,10106.0,17817.0,0.0,0.0,0.0,0.0,0.0,0.0,1.0,1.0,1.0,1.0,1.0,5.6
335,Los Lagos,10.0,Maullin,10108.0,14894.0,0.0,0.0,0.0,0.0,0.0,0.0,1.0,1.0,2.0,1.0,1.0,6.7
336,Los Lagos,10.0,Osorno,10301.0,173410.0,66.0,120.0,163.0,190.0,207.0,220.0,232.0,241.0,249.0,265.0,278.0,160.3
337,Los Lagos,10.0,Palena,10404.0,1827.0,0.0,0.0,0.0,0.0,0.0,0.0,0.0,0.0,0.0,0.0,0.0,0.0
338,Los Lagos,10.0,Puerto Montt,10101.0,269398.0,34.0,44.0,25.0,35.0,37.0,39.0,68.0,73.0,76.0,75.0,73.0,27.1
339,Los Lagos,10.0,Puerto Octay,10302.0,9192.0,0.0,0.0,0.0,0.0,0.0,0.0,1.0,1.0,1.0,1.0,2.0,21.8
340,Los Lagos,10.0,Puerto Varas,10109.0,48620.0,0.0,0.0,0.0,4.0,0.0,0.0,6.0,7.0,8.0,8.0,9.0,18.5
341,Los Lagos,10.0,Puqueldon,10206.0,4201.0,0.0,0.0,0.0,0.0,0.0,0.0,0.0,0.0,0.0,0.0,0.0,0.0
342,Los Lagos,10.0,Purranque,10303.0,21080.0,0.0,0.0,5.0,5.0,11.0,16.0,16.0,16.0,16.0,16.0,17.0,80.6
343,Los Lagos,10.0,Puyehue,10304.0,11787.0,0.0,0.0,0.0,0.0,0.0,0.0,2.0,1.0,1.0,1.0,1.0,8.5
344,Los Lagos,10.0,Queilen,10207.0,5543.0,0.0,0.0,0.0,0.0,0.0,0.0,0.0,0.0,0.0,0.0,0.0,0.0
345,Los Lagos,10.0,Quellon,10208.0,29309.0,0.0,0.0,0.0,0.0,0.0,0.0,0.0,0.0,0.0,0.0,0.0,0.0
346,Los Lagos,10.0,Quemchi,10209.0,8783.0,0.0,0.0,0.0,0.0,0.0,0.0,0.0,0.0,0.0,0.0,0.0,0.0
347,Los Lagos,10.0,Quinchao,10210.0,8298.0,0.0,0.0,0.0,0.0,0.0,0.0,1.0,1.0,1.0,1.0,1.0,12.1
348,Los Lagos,10.0,Rio Negro,10305.0,14275.0,0.0,0.0,0.0,0.0,0.0,0.0,3.0,3.0,4.0,4.0,5.0,35.0
349,Los Lagos,10.0,San Juan de la Costa,10306.0,7639.0,0.0,0.0,0.0,7.0,11.0,11.0,14.0,13.0,15.0,16.0,22.0,288.0
350,Los Lagos,10.0,San Pablo,10307.0,10553.0,0.0,0.0,0.0,0.0,6.0,6.0,6.0,6.0,6.0,8.0,8.0,75.8
351,Los Lagos,10.0,Total,,891440.0,112.0,181.0,234.0,286.0,325.0,349.0,380.0,390.0,412.0,431.0,453.0,50.8
352,,,,,,,,,,,,,,,,,
353,Aysen,11.0,Aysen,11201.0,25002.0,0.0,0.0,4.0,5.0,4.0,4.0,3.0,3.0,3.0,1.0,1.0,4.0
354,Aysen,11.0,Chile Chico,11401.0,5121.0,0.0,0.0,0.0,0.0,0.0,0.0,1.0,1.0,1.0,1.0,1.0,19.5
355,Aysen,11.0,Cisnes,11202.0,5828.0,0.0,0.0,0.0,0.0,0.0,0.0,0.0,0.0,0.0,0.0,0.0,0.0
356,Aysen,11.0,Cochrane,11301.0,3685.0,0.0,0.0,0.0,0.0,0.0,0.0,0.0,0.0,0.0,0.0,0.0,0.0
357,Aysen,11.0,Coyhaique,11101.0,61210.0,0.0,0.0,0.0,0.0,0.0,0.0,2.0,2.0,2.0,3.0,3.0,4.9
358,Aysen,11.0,Guaitecas,11203.0,1599.0,0.0,0.0,0.0,0.0,0.0,0.0,0.0,0.0,0.0,0.0,0.0,0.0
359,Aysen,11.0,Lago Verde,11102.0,920.0,0.0,0.0,0.0,0.0,0.0,0.0,0.0,0.0,0.0,0.0,0.0,0.0
360,Aysen,11.0,OHiggins,11302.0,661.0,0.0,0.0,0.0,0.0,0.0,0.0,0.0,0.0,0.0,0.0,0.0,0.0
361,Aysen,11.0,Rio Ibanez,11402.0,2699.0,0.0,0.0,0.0,0.0,0.0,0.0,0.0,0.0,0.0,0.0,0.0,0.0
362,Aysen,11.0,Tortel,11303.0,572.0,0.0,0.0,0.0,0.0,0.0,0.0,1.0,1.0,1.0,0.0,0.0,0.0
363,Aysen,11.0,Total,,107297.0,3.0,3.0,6.0,7.0,7.0,7.0,7.0,7.0,7.0,5.0,5.0,4.7
364,,,,,,,,,,,,,,,,,
365,Magallanes y la Antartica,12.0,Antartica,12202.0,137.0,0.0,0.0,0.0,0.0,0.0,0.0,0.0,0.0,0.0,0.0,0.0,0.0
366,Magallanes y la Antartica,12.0,Cabo de Hornos,12201.0,1983.0,5.0,6.0,6.0,10.0,11.0,13.0,18.0,18.0,18.0,17.0,17.0,857.3
367,Magallanes y la Antartica,12.0,Laguna Blanca,12102.0,264.0,0.0,0.0,0.0,0.0,0.0,0.0,0.0,0.0,0.0,0.0,0.0,0.0
368,Magallanes y la Antartica,12.0,Natales,12401.0,23782.0,0.0,4.0,5.0,5.0,5.0,6.0,6.0,6.0,7.0,6.0,7.0,29.4
369,Magallanes y la Antartica,12.0,Porvenir,12301.0,7323.0,0.0,0.0,0.0,0.0,0.0,0.0,4.0,4.0,5.0,8.0,8.0,109.2
370,Magallanes y la Antartica,12.0,Primavera,12302.0,694.0,0.0,0.0,0.0,0.0,0.0,0.0,0.0,0.0,1.0,1.0,1.0,144.1
371,Magallanes y la Antartica,12.0,Punta Arenas,12101.0,141984.0,29.0,87.0,143.0,203.0,207.0,299.0,387.0,416.0,470.0,516.0,581.0,409.2
372,Magallanes y la Antartica,12.0,Rio Verde,12103.0,211.0,0.0,0.0,0.0,0.0,0.0,0.0,0.0,0.0,0.0,0.0,0.0,0.0
373,Magallanes y la Antartica,12.0,San Gregorio,12104.0,681.0,0.0,0.0,0.0,0.0,0.0,0.0,0.0,0.0,0.0,0.0,0.0,0.0
374,Magallanes y la Antartica,12.0,Timaukel,12303.0,282.0,0.0,0.0,0.0,0.0,0.0,0.0,0.0,0.0,0.0,0.0,0.0,0.0
375,Magallanes y la Antartica,12.0,Torres del Paine,12402.0,1021.0,0.0,0.0,0.0,0.0,0.0,0.0,0.0,0.0,0.0,0.0,0.0,0.0
376,Magallanes y la Antartica,,Total,,178362.0,35.0,99.0,156.0,221.0,266.0,331.0,415.0,444.0,501.0,548.0,617.0,345.4
